<Rules>  																<!-- Mandatory Tag -->
  <Rule_table> 															<!-- Mandatory Tag , fetch the table name from this tag-->
    <RULE_COUNTRY>UK</RULE_COUNTRY>    									<!-- Mandatory Tag, country of implementation , string, not null -->
	<RULE_TM>CAMP</RULE_TM>    											<!-- Mandatory Tag , transaction monitoring type, string like CAMP, MANTAS, not null -->
	<RULE_ID>1</RULE_ID>    											<!-- Mandatory Tag, Id of the Rule a Number and should not be null and is greater than that exists in the rule table  -->
	<RULE_NAME>ET001_FOCAL_ENTITY_IS_SCC_V01</RULE_NAME>    			<!-- Mandatory Tag, Name of the rule. Should not be null  -->
	<RULE_DESC>Specific types of customers are deemed to pose an inherently high risk of
	exposure to financial crime owing to the type or nature of their role or busines.
	As per the Group AML policy, these customers are categorised under the term special categories of
	customers(SCC) and should automatically be treated as high rish customers. The SCC scoring rule allows events
	associated with SCCs to be trated as higher risk by te event scoring model. 
	</RULE_DESC>  														<!-- Mandatory Tag, meaning full description of a rule, string, not null  -->
	<RULE_EXPRESSION_ID>1381</RULE_EXPRESSION_ID> 						<!-- Mandatory Tag, not null, numeric  -->
	<RULE_SCORE>1000</RULE_SCORE>     									<!-- Mandatory Tag, not null, numeric  --> 
	<RULE_TEXT>((((UPPER(ENTITY_TYPE) IN (SELECT UPPER(b.rli_item_Text) FROM RTL_RULES_LIST_ITEMS b
 WHERE a,rl_end_DT IS NULL AND b.rli_end_DT IS NULL AND b.rli)list)id = a.el_LIST_ID AND a,EL_RULE_TYPE_ID=25 AND a.rl_list_name='ET_entity_type_CATZ')) AND NOT(SCC_CD IS NULL)) AND (NOT(
UPPER(CUSTOMER_NAME) IN(SELECT UPPER(b.rli_item_Text) FROM RTL_RULES_LISTS_DEF a, RTL_RULES_LIST_ITEMS b 
 WHERE a.rl_end_dt IS NULL AND b.rli_end_DT IS NULL AND B.RLI_LIST_ID = A.rl_list_ID and a.rl_rule_type_id =25 AND a.rl_list_name = 'ET_WHITE_LIST')) OR NOT (UPPER(ACCOUNT_NAME) IN(SELECT 
UPPER(b.rli_item_TEXT) from RTL_RULES_LISTS_DEF a, RTL_RULE_LIST_ITEMS b
 WHERE a.rl_end_dt IS NULL AND b.rli_end_DT IS NULL AND B.RLI_LIST_ID=A.RL_LIST_ID AND a.RL_RULE_TYPE_ID=25 AND a.rl_list_name = 'ET_WHITE_LIST')))) AND NOT(UPPER(EVENT_VIOL_CODE) IN
(SELECT UPPER(b.rli_item_TEXT) FROM RTL_RULE_LISTS_DEF a, RTL_RULE_LIST_ITEMS b
 WHERE a.rl_end_dt IS NULL AND b.rli_end_dt IS NULL AND B.rli_list_ID = A>RLI_LIST_ID AND a.rl_rule_TYPE_ID=25 AND a.rl_list_name = 'ETALL_EXEMPT_SCENARIO_LIST')))</RULE_TEXT>   <!-- Mandatory Tag -->
	<RULE_BUSINESS_TEXT>((((ENTITY TYPE IN LIST(:ET_ENTITY_TYPE_CATZ)) AND NOT (SCC CATEGORY CODE IS NULL)) AND (NOT(CUTOMER NAME IN LIST(:ET_WHITE_LIST)) OR NOT (ACCOUNT NAME IN LIST(:ET_WHITE_LIST)))) AND NOT (SCENERIO NAME IN LIST(:ETALL_EXEMPT_SCENERIO_LIST)))</RULE_BUSINESS_TEXT>  <!-- Mandatory Tag -->
	<RULE_SUPPORTING_DATA></RULE_SUPPORTING_DATA> 						<!-- Mandatory Tag -->
	<RULE_SUPPORTING_DATA_MODIFY_DT></RULE_SUPPORTING_DATA_MODIFY_DT>  	<!-- Mandatory Tag -->
	<CREATED_BY>CAMPADMIN</CREATED_BY>  								<!-- Mandatory Tag, string, CAMP -CAMPADMIN, MANTAS- MANTASADMIN etc -->
	<CREATED_DT>23-Nov-16</CREATED_DT>   								<!-- Mandatory Tag, DATE, in specific format-->
	<APPROVED_FLAG>Y</APPROVED_FLAG>   									<!-- Mandatory Tag, STRING, and only Y is accepted. -->
	<APPROVED_BY>CAMPADMIN</APPROVED_BY>   								<!-- Mandatory Tag, String,  CAMP -CAMPADMIN, MANTAS- MANTASADMIN etc -->
	<APPROVED_COMMENTS>APPROVED</APPROVED_COMMENTS>  					<!-- Mandatory Tag, String, only approved is accepted. -->
	<APPROVED_DT>13-DEC-16</APPROVED_DT>   								<!-- Mandatory Tag, Date in specific format -->
	<EFFECTIVE_DT>23-NOV-16</EFFECTIVE_DT> 								<!-- Mandatory Tag, Date in specific format-->
	<EXPIRATION_DT>23-NOV-17</EXPIRATION_DT>  							<!-- Mandatory Tag, Date in specific format -->
	<HIBERNATION_DAYS>30</HIBERNATION_DAYS> 							<!-- Mandatory Tag, numeric or zero for immediate escalation to alert. -->
	</Rule_table>  														<!-- Mandatory Tag -->
</Rules>															 	<!-- Mandatory Tag -->




